{"stats":{"minecraft:picked_up":{"minecraft:dark_oak_planks":1},"minecraft:killed_by":{"minecraft:zombie":1},"minecraft:used":{"minecraft:dark_oak_planks":1},"minecraft:mined":{"minecraft:dark_oak_planks":1,"minecraft:dead_bush":1},"minecraft:custom":{"minecraft:jump":57,"minecraft:time_since_rest":99,"minecraft:leave_game":1,"minecraft:deaths":1,"minecraft:crouch_one_cm":46,"minecraft:sprint_one_cm":12561,"minecraft:play_time":1805,"minecraft:damage_taken":225,"minecraft:time_since_death":0,"minecraft:walk_one_cm":2114,"minecraft:sneak_time":45,"minecraft:total_world_time":1805,"minecraft:fall_one_cm":1848,"minecraft:fly_one_cm":15961}},"DataVersion":3465}